{
  "properties": {
    "connectionReferences": {
      "shared_commondataserviceforapps": {
        "runtimeSource": "embedded",
        "connection": {
          "connectionReferenceLogicalName": "new_sharedcommondataserviceforapps_d04e4"
        },
        "api": {
          "name": "shared_commondataserviceforapps"
        }
      },
      "shared_teams": {
        "runtimeSource": "embedded",
        "connection": {
          "connectionReferenceLogicalName": "ya_sharedteams_be2d3"
        },
        "api": {
          "name": "shared_teams"
        }
      }
    },
    "definition": {
      "$schema": "https://schema.management.azure.com/providers/Microsoft.Logic/schemas/2016-06-01/workflowdefinition.json#",
      "contentVersion": "1.0.0.0",
      "parameters": {
        "$connections": {
          "defaultValue": {},
          "type": "Object"
        },
        "$authentication": {
          "defaultValue": {},
          "type": "SecureObject"
        }
      },
      "triggers": {
        "Recurrence": {
          "recurrence": {
            "frequency": "Day",
            "interval": 1,
            "startTime": "2022-06-12T01:00:00Z"
          },
          "metadata": {
            "operationMetadataId": "1474f4f5-32e1-44c7-83a9-ac25d0984891"
          },
          "type": "Recurrence"
        }
      },
      "actions": {
        "行を一覧にする": {
          "runAfter": {},
          "metadata": {
            "operationMetadataId": "333a22b9-218d-4cf3-bbea-e8cfe8d3d11e"
          },
          "type": "OpenApiConnection",
          "inputs": {
            "host": {
              "connectionName": "shared_commondataserviceforapps",
              "operationId": "ListRecords",
              "apiId": "/providers/Microsoft.PowerApps/apis/shared_commondataserviceforapps"
            },
            "parameters": {
              "entityName": "ya_items",
              "$filter": "ya_finishedon eq null"
            },
            "authentication": "@parameters('$authentication')"
          }
        },
        "アレイのフィルター処理": {
          "runAfter": {
            "行を一覧にする": [
              "Succeeded"
            ]
          },
          "metadata": {
            "operationMetadataId": "a9d3a36e-a5c4-4c63-b7cc-8a283cdb68ac"
          },
          "type": "Query",
          "inputs": {
            "from": "@outputs('行を一覧にする')?['body/value']",
            "where": "@greaterOrEquals(item()?['createdon'], addDays(utcNow(), -7))"
          }
        },
        "JSON_の解析": {
          "runAfter": {
            "アレイのフィルター処理": [
              "Succeeded"
            ]
          },
          "metadata": {
            "operationMetadataId": "a71104f2-2de9-4b41-9f9e-4aaeb775ce01"
          },
          "type": "ParseJson",
          "inputs": {
            "content": "@body('アレイのフィルター処理')",
            "schema": {
              "type": "array",
              "items": {
                "type": "object",
                "properties": {
                  "@@odata.type": {
                    "type": "string"
                  },
                  "@@odata.id": {
                    "type": "string"
                  },
                  "@@odata.etag": {
                    "type": "string"
                  },
                  "@@odata.editLink": {
                    "type": "string"
                  },
                  "ya_itemid@odata.type": {
                    "type": "string"
                  },
                  "ya_itemid": {
                    "type": "string"
                  },
                  "_owningbusinessunit_value@OData.Community.Display.V1.FormattedValue": {
                    "type": "string"
                  },
                  "_owningbusinessunit_value@Microsoft.Dynamics.CRM.associatednavigationproperty": {
                    "type": "string"
                  },
                  "_owningbusinessunit_value@Microsoft.Dynamics.CRM.lookuplogicalname": {
                    "type": "string"
                  },
                  "_owningbusinessunit_value@odata.type": {
                    "type": "string"
                  },
                  "_owningbusinessunit_value": {
                    "type": "string"
                  },
                  "ya_name": {
                    "type": "string"
                  },
                  "statecode@OData.Community.Display.V1.FormattedValue": {
                    "type": "string"
                  },
                  "statecode": {
                    "type": "integer"
                  },
                  "statuscode@OData.Community.Display.V1.FormattedValue": {
                    "type": "string"
                  },
                  "statuscode": {
                    "type": "integer"
                  },
                  "_createdby_value@OData.Community.Display.V1.FormattedValue": {
                    "type": "string"
                  },
                  "_createdby_value@Microsoft.Dynamics.CRM.lookuplogicalname": {
                    "type": "string"
                  },
                  "_createdby_value@odata.type": {
                    "type": "string"
                  },
                  "_createdby_value": {
                    "type": "string"
                  },
                  "ya_details": {
                    "type": "string"
                  },
                  "_ownerid_value@OData.Community.Display.V1.FormattedValue": {
                    "type": "string"
                  },
                  "_ownerid_value@Microsoft.Dynamics.CRM.associatednavigationproperty": {
                    "type": "string"
                  },
                  "_ownerid_value@Microsoft.Dynamics.CRM.lookuplogicalname": {
                    "type": "string"
                  },
                  "_ownerid_value@odata.type": {
                    "type": "string"
                  },
                  "_ownerid_value": {
                    "type": "string"
                  },
                  "modifiedon@OData.Community.Display.V1.FormattedValue": {
                    "type": "string"
                  },
                  "modifiedon@odata.type": {
                    "type": "string"
                  },
                  "modifiedon": {
                    "type": "string"
                  },
                  "_owninguser_value@Microsoft.Dynamics.CRM.lookuplogicalname": {
                    "type": "string"
                  },
                  "_owninguser_value@odata.type": {
                    "type": "string"
                  },
                  "_owninguser_value": {
                    "type": "string"
                  },
                  "_modifiedby_value@OData.Community.Display.V1.FormattedValue": {
                    "type": "string"
                  },
                  "_modifiedby_value@Microsoft.Dynamics.CRM.lookuplogicalname": {
                    "type": "string"
                  },
                  "_modifiedby_value@odata.type": {
                    "type": "string"
                  },
                  "_modifiedby_value": {
                    "type": "string"
                  },
                  "versionnumber@OData.Community.Display.V1.FormattedValue": {
                    "type": "string"
                  },
                  "versionnumber@odata.type": {
                    "type": "string"
                  },
                  "versionnumber": {
                    "type": "integer"
                  },
                  "createdon@OData.Community.Display.V1.FormattedValue": {
                    "type": "string"
                  },
                  "createdon@odata.type": {
                    "type": "string"
                  },
                  "createdon": {
                    "type": "string"
                  },
                  "owningbusinessunit@odata.associationLink": {
                    "type": "string"
                  },
                  "owningbusinessunit@odata.navigationLink": {
                    "type": "string"
                  },
                  "ownerid@odata.associationLink": {
                    "type": "string"
                  },
                  "ownerid@odata.navigationLink": {
                    "type": "string"
                  },
                  "createdby@odata.associationLink": {
                    "type": "string"
                  },
                  "createdby@odata.navigationLink": {
                    "type": "string"
                  },
                  "createdonbehalfby@odata.associationLink": {
                    "type": "string"
                  },
                  "createdonbehalfby@odata.navigationLink": {
                    "type": "string"
                  },
                  "modifiedby@odata.associationLink": {
                    "type": "string"
                  },
                  "modifiedby@odata.navigationLink": {
                    "type": "string"
                  },
                  "modifiedonbehalfby@odata.associationLink": {
                    "type": "string"
                  },
                  "modifiedonbehalfby@odata.navigationLink": {
                    "type": "string"
                  },
                  "owninguser@odata.associationLink": {
                    "type": "string"
                  },
                  "owninguser@odata.navigationLink": {
                    "type": "string"
                  },
                  "owningteam@odata.associationLink": {
                    "type": "string"
                  },
                  "owningteam@odata.navigationLink": {
                    "type": "string"
                  },
                  "ya_item_SyncErrors@odata.associationLink": {
                    "type": "string"
                  },
                  "ya_item_SyncErrors@odata.navigationLink": {
                    "type": "string"
                  },
                  "ya_item_AsyncOperations@odata.associationLink": {
                    "type": "string"
                  },
                  "ya_item_AsyncOperations@odata.navigationLink": {
                    "type": "string"
                  },
                  "ya_item_MailboxTrackingFolders@odata.associationLink": {
                    "type": "string"
                  },
                  "ya_item_MailboxTrackingFolders@odata.navigationLink": {
                    "type": "string"
                  },
                  "ya_item_UserEntityInstanceDatas@odata.associationLink": {
                    "type": "string"
                  },
                  "ya_item_UserEntityInstanceDatas@odata.navigationLink": {
                    "type": "string"
                  },
                  "ya_item_ProcessSession@odata.associationLink": {
                    "type": "string"
                  },
                  "ya_item_ProcessSession@odata.navigationLink": {
                    "type": "string"
                  },
                  "ya_item_BulkDeleteFailures@odata.associationLink": {
                    "type": "string"
                  },
                  "ya_item_BulkDeleteFailures@odata.navigationLink": {
                    "type": "string"
                  },
                  "ya_item_PrincipalObjectAttributeAccesses@odata.associationLink": {
                    "type": "string"
                  },
                  "ya_item_PrincipalObjectAttributeAccesses@odata.navigationLink": {
                    "type": "string"
                  },
                  "ya_item_DuplicateMatchingRecord@odata.associationLink": {
                    "type": "string"
                  },
                  "ya_item_DuplicateMatchingRecord@odata.navigationLink": {
                    "type": "string"
                  },
                  "ya_item_DuplicateBaseRecord@odata.associationLink": {
                    "type": "string"
                  },
                  "ya_item_DuplicateBaseRecord@odata.navigationLink": {
                    "type": "string"
                  }
                },
                "required": [
                  "@@odata.type",
                  "@@odata.id",
                  "@@odata.etag",
                  "@@odata.editLink",
                  "ya_itemid@odata.type",
                  "ya_itemid",
                  "_owningbusinessunit_value@OData.Community.Display.V1.FormattedValue",
                  "_owningbusinessunit_value@Microsoft.Dynamics.CRM.associatednavigationproperty",
                  "_owningbusinessunit_value@Microsoft.Dynamics.CRM.lookuplogicalname",
                  "_owningbusinessunit_value@odata.type",
                  "_owningbusinessunit_value",
                  "ya_name",
                  "statecode@OData.Community.Display.V1.FormattedValue",
                  "statecode",
                  "statuscode@OData.Community.Display.V1.FormattedValue",
                  "statuscode",
                  "_createdby_value@OData.Community.Display.V1.FormattedValue",
                  "_createdby_value@Microsoft.Dynamics.CRM.lookuplogicalname",
                  "_createdby_value@odata.type",
                  "_createdby_value",
                  "ya_details",
                  "_ownerid_value@OData.Community.Display.V1.FormattedValue",
                  "_ownerid_value@Microsoft.Dynamics.CRM.associatednavigationproperty",
                  "_ownerid_value@Microsoft.Dynamics.CRM.lookuplogicalname",
                  "_ownerid_value@odata.type",
                  "_ownerid_value",
                  "modifiedon@OData.Community.Display.V1.FormattedValue",
                  "modifiedon@odata.type",
                  "modifiedon",
                  "_owninguser_value@Microsoft.Dynamics.CRM.lookuplogicalname",
                  "_owninguser_value@odata.type",
                  "_owninguser_value",
                  "_modifiedby_value@OData.Community.Display.V1.FormattedValue",
                  "_modifiedby_value@Microsoft.Dynamics.CRM.lookuplogicalname",
                  "_modifiedby_value@odata.type",
                  "_modifiedby_value",
                  "versionnumber@OData.Community.Display.V1.FormattedValue",
                  "versionnumber@odata.type",
                  "versionnumber",
                  "createdon@OData.Community.Display.V1.FormattedValue",
                  "createdon@odata.type",
                  "createdon",
                  "owningbusinessunit@odata.associationLink",
                  "owningbusinessunit@odata.navigationLink",
                  "ownerid@odata.associationLink",
                  "ownerid@odata.navigationLink",
                  "createdby@odata.associationLink",
                  "createdby@odata.navigationLink",
                  "createdonbehalfby@odata.associationLink",
                  "createdonbehalfby@odata.navigationLink",
                  "modifiedby@odata.associationLink",
                  "modifiedby@odata.navigationLink",
                  "modifiedonbehalfby@odata.associationLink",
                  "modifiedonbehalfby@odata.navigationLink",
                  "owninguser@odata.associationLink",
                  "owninguser@odata.navigationLink",
                  "owningteam@odata.associationLink",
                  "owningteam@odata.navigationLink",
                  "ya_item_SyncErrors@odata.associationLink",
                  "ya_item_SyncErrors@odata.navigationLink",
                  "ya_item_AsyncOperations@odata.associationLink",
                  "ya_item_AsyncOperations@odata.navigationLink",
                  "ya_item_MailboxTrackingFolders@odata.associationLink",
                  "ya_item_MailboxTrackingFolders@odata.navigationLink",
                  "ya_item_UserEntityInstanceDatas@odata.associationLink",
                  "ya_item_UserEntityInstanceDatas@odata.navigationLink",
                  "ya_item_ProcessSession@odata.associationLink",
                  "ya_item_ProcessSession@odata.navigationLink",
                  "ya_item_BulkDeleteFailures@odata.associationLink",
                  "ya_item_BulkDeleteFailures@odata.navigationLink",
                  "ya_item_PrincipalObjectAttributeAccesses@odata.associationLink",
                  "ya_item_PrincipalObjectAttributeAccesses@odata.navigationLink",
                  "ya_item_DuplicateMatchingRecord@odata.associationLink",
                  "ya_item_DuplicateMatchingRecord@odata.navigationLink",
                  "ya_item_DuplicateBaseRecord@odata.associationLink",
                  "ya_item_DuplicateBaseRecord@odata.navigationLink"
                ]
              }
            }
          }
        },
        "Apply_to_each": {
          "foreach": "@body('JSON_の解析')",
          "actions": {
            "JSON_の解析_2": {
              "runAfter": {},
              "metadata": {
                "operationMetadataId": "bdb50099-ce20-47fe-a3a3-9cdc75057874"
              },
              "type": "ParseJson",
              "inputs": {
                "content": "@items('Apply_to_each')",
                "schema": {
                  "type": "object",
                  "properties": {
                    "@@odata.type": {
                      "type": "string"
                    },
                    "@@odata.id": {
                      "type": "string"
                    },
                    "@@odata.etag": {
                      "type": "string"
                    },
                    "@@odata.editLink": {
                      "type": "string"
                    },
                    "ya_itemid@odata.type": {
                      "type": "string"
                    },
                    "ya_itemid": {
                      "type": "string"
                    },
                    "_owningbusinessunit_value@OData.Community.Display.V1.FormattedValue": {
                      "type": "string"
                    },
                    "_owningbusinessunit_value@Microsoft.Dynamics.CRM.associatednavigationproperty": {
                      "type": "string"
                    },
                    "_owningbusinessunit_value@Microsoft.Dynamics.CRM.lookuplogicalname": {
                      "type": "string"
                    },
                    "_owningbusinessunit_value@odata.type": {
                      "type": "string"
                    },
                    "_owningbusinessunit_value": {
                      "type": "string"
                    },
                    "ya_name": {
                      "type": "string"
                    },
                    "statecode@OData.Community.Display.V1.FormattedValue": {
                      "type": "string"
                    },
                    "statecode": {
                      "type": "integer"
                    },
                    "statuscode@OData.Community.Display.V1.FormattedValue": {
                      "type": "string"
                    },
                    "statuscode": {
                      "type": "integer"
                    },
                    "_createdby_value@OData.Community.Display.V1.FormattedValue": {
                      "type": "string"
                    },
                    "_createdby_value@Microsoft.Dynamics.CRM.lookuplogicalname": {
                      "type": "string"
                    },
                    "_createdby_value@odata.type": {
                      "type": "string"
                    },
                    "_createdby_value": {
                      "type": "string"
                    },
                    "ya_details": {
                      "type": "string"
                    },
                    "_ownerid_value@OData.Community.Display.V1.FormattedValue": {
                      "type": "string"
                    },
                    "_ownerid_value@Microsoft.Dynamics.CRM.associatednavigationproperty": {
                      "type": "string"
                    },
                    "_ownerid_value@Microsoft.Dynamics.CRM.lookuplogicalname": {
                      "type": "string"
                    },
                    "_ownerid_value@odata.type": {
                      "type": "string"
                    },
                    "_ownerid_value": {
                      "type": "string"
                    },
                    "modifiedon@OData.Community.Display.V1.FormattedValue": {
                      "type": "string"
                    },
                    "modifiedon@odata.type": {
                      "type": "string"
                    },
                    "modifiedon": {
                      "type": "string"
                    },
                    "_owninguser_value@Microsoft.Dynamics.CRM.lookuplogicalname": {
                      "type": "string"
                    },
                    "_owninguser_value@odata.type": {
                      "type": "string"
                    },
                    "_owninguser_value": {
                      "type": "string"
                    },
                    "_modifiedby_value@OData.Community.Display.V1.FormattedValue": {
                      "type": "string"
                    },
                    "_modifiedby_value@Microsoft.Dynamics.CRM.lookuplogicalname": {
                      "type": "string"
                    },
                    "_modifiedby_value@odata.type": {
                      "type": "string"
                    },
                    "_modifiedby_value": {
                      "type": "string"
                    },
                    "versionnumber@OData.Community.Display.V1.FormattedValue": {
                      "type": "string"
                    },
                    "versionnumber@odata.type": {
                      "type": "string"
                    },
                    "versionnumber": {
                      "type": "integer"
                    },
                    "createdon@OData.Community.Display.V1.FormattedValue": {
                      "type": "string"
                    },
                    "createdon@odata.type": {
                      "type": "string"
                    },
                    "createdon": {
                      "type": "string"
                    },
                    "owningbusinessunit@odata.associationLink": {
                      "type": "string"
                    },
                    "owningbusinessunit@odata.navigationLink": {
                      "type": "string"
                    },
                    "ownerid@odata.associationLink": {
                      "type": "string"
                    },
                    "ownerid@odata.navigationLink": {
                      "type": "string"
                    },
                    "createdby@odata.associationLink": {
                      "type": "string"
                    },
                    "createdby@odata.navigationLink": {
                      "type": "string"
                    },
                    "createdonbehalfby@odata.associationLink": {
                      "type": "string"
                    },
                    "createdonbehalfby@odata.navigationLink": {
                      "type": "string"
                    },
                    "modifiedby@odata.associationLink": {
                      "type": "string"
                    },
                    "modifiedby@odata.navigationLink": {
                      "type": "string"
                    },
                    "modifiedonbehalfby@odata.associationLink": {
                      "type": "string"
                    },
                    "modifiedonbehalfby@odata.navigationLink": {
                      "type": "string"
                    },
                    "owninguser@odata.associationLink": {
                      "type": "string"
                    },
                    "owninguser@odata.navigationLink": {
                      "type": "string"
                    },
                    "owningteam@odata.associationLink": {
                      "type": "string"
                    },
                    "owningteam@odata.navigationLink": {
                      "type": "string"
                    },
                    "ya_item_SyncErrors@odata.associationLink": {
                      "type": "string"
                    },
                    "ya_item_SyncErrors@odata.navigationLink": {
                      "type": "string"
                    },
                    "ya_item_AsyncOperations@odata.associationLink": {
                      "type": "string"
                    },
                    "ya_item_AsyncOperations@odata.navigationLink": {
                      "type": "string"
                    },
                    "ya_item_MailboxTrackingFolders@odata.associationLink": {
                      "type": "string"
                    },
                    "ya_item_MailboxTrackingFolders@odata.navigationLink": {
                      "type": "string"
                    },
                    "ya_item_UserEntityInstanceDatas@odata.associationLink": {
                      "type": "string"
                    },
                    "ya_item_UserEntityInstanceDatas@odata.navigationLink": {
                      "type": "string"
                    },
                    "ya_item_ProcessSession@odata.associationLink": {
                      "type": "string"
                    },
                    "ya_item_ProcessSession@odata.navigationLink": {
                      "type": "string"
                    },
                    "ya_item_BulkDeleteFailures@odata.associationLink": {
                      "type": "string"
                    },
                    "ya_item_BulkDeleteFailures@odata.navigationLink": {
                      "type": "string"
                    },
                    "ya_item_PrincipalObjectAttributeAccesses@odata.associationLink": {
                      "type": "string"
                    },
                    "ya_item_PrincipalObjectAttributeAccesses@odata.navigationLink": {
                      "type": "string"
                    },
                    "ya_item_DuplicateMatchingRecord@odata.associationLink": {
                      "type": "string"
                    },
                    "ya_item_DuplicateMatchingRecord@odata.navigationLink": {
                      "type": "string"
                    },
                    "ya_item_DuplicateBaseRecord@odata.associationLink": {
                      "type": "string"
                    },
                    "ya_item_DuplicateBaseRecord@odata.navigationLink": {
                      "type": "string"
                    }
                  }
                }
              }
            },
            "文字列変数に追加": {
              "runAfter": {
                "JSON_の解析_2": [
                  "Succeeded"
                ]
              },
              "metadata": {
                "operationMetadataId": "ba8722e7-6582-41c7-96af-42a90a7eb3dc"
              },
              "type": "AppendToStringVariable",
              "inputs": {
                "name": "Items",
                "value": "<li>@{body('JSON_の解析_2')?['ya_name']}</li>"
              }
            }
          },
          "runAfter": {
            "変数を初期化する": [
              "Succeeded"
            ]
          },
          "metadata": {
            "operationMetadataId": "928bc02e-89ec-45f6-905a-1b895ff550d1"
          },
          "type": "Foreach"
        },
        "変数を初期化する": {
          "runAfter": {
            "JSON_の解析": [
              "Succeeded"
            ]
          },
          "metadata": {
            "operationMetadataId": "d799e3be-2ed2-44f0-9952-02af1e25b4da"
          },
          "type": "InitializeVariable",
          "inputs": {
            "variables": [
              {
                "name": "Items",
                "type": "string",
                "value": "<ul>"
              }
            ]
          }
        },
        "チャットまたはチャネルでメッセージを投稿する": {
          "runAfter": {
            "文字列変数に追加_2": [
              "Succeeded"
            ]
          },
          "metadata": {
            "operationMetadataId": "a7410cde-710c-47ff-8bcc-a096ac45f910"
          },
          "type": "OpenApiConnection",
          "inputs": {
            "host": {
              "connectionName": "shared_teams",
              "operationId": "PostMessageToConversation",
              "apiId": "/providers/Microsoft.PowerApps/apis/shared_teams"
            },
            "parameters": {
              "poster": "Flow bot",
              "location": "Chat with Flow bot",
              "body/recipient": "admin@contoso.onmicrosoft.com",
              "body/messageBody": "<p>@{variables('Items')}</p>"
            },
            "authentication": "@parameters('$authentication')"
          }
        },
        "文字列変数に追加_2": {
          "runAfter": {
            "Apply_to_each": [
              "Succeeded"
            ]
          },
          "metadata": {
            "operationMetadataId": "2d3c3ba7-168e-47a3-9508-574da1ceea86"
          },
          "type": "AppendToStringVariable",
          "inputs": {
            "name": "Items",
            "value": "</ul>"
          }
        }
      }
    }
  },
  "schemaVersion": "1.0.0.0"
}